{"val_loss": [3.5170975358751084, 2.8792559339735244, 2.6608503930833605, 2.5441652397579615, 2.4798301781548395, 2.4262825124528673, 2.386367534637451, 2.344090244717068, 2.324336104710897, 2.2986628142462835, 2.2979745604197186, 2.2936779967414007, 2.2739714601304795, 2.262378379397922, 2.259117999182807, 2.257932451883952, 2.276856238047282, 2.265752207438151, 2.2462577245500355, 2.260991146935357], "val_categorical_accuracy": [0.2667777777777778, 0.3402777778307597, 0.3736111110581292, 0.39472222227520415, 0.40505555560853745, 0.4190000000529819, 0.4285555555290646, 0.4360555555820465, 0.44094444449742637, 0.4443888889418708, 0.445388888835907, 0.44422222224871316, 0.4532777778307597, 0.4532777777777778, 0.45755555552906463, 0.45750000002649094, 0.4498333332803514, 0.4545, 0.4606666666401757, 0.4574999999470181], "loss": [4.4232189661661785, 3.0666432480282255, 2.6433388957977293, 2.442108937157525, 2.3103170522054035, 2.209783450232612, 2.127983898586697, 2.0589897600809732, 1.9972618278927272, 1.942083749347263, 1.8900725446277196, 1.8428035205205282, 1.7982147924635146, 1.7573350269529555, 1.7161105927361382, 1.6792371735042997, 1.6407394154866537, 1.6060426935619778, 1.5711143527560765, 1.5380514344109428], "categorical_accuracy": [0.15819444444444444, 0.32508333333333334, 0.38545833333333335, 0.421625, 0.4454444444444444, 0.4650694444444444, 0.4837222222222222, 0.4978194444444444, 0.5112222222222222, 0.5230833333333333, 0.5335277777777778, 0.5446111111111112, 0.5539305555555556, 0.5643611111111111, 0.5747083333333334, 0.5845694444444445, 0.5933055555555555, 0.6003888888888889, 0.6068333333333333, 0.6162083333333334]}