{"val_loss": [4.427391021728516, 3.923366923438178, 3.611116852230496, 3.3977077361212835, 3.2386330231560603, 3.131642846001519, 3.028309410730998, 2.961859164979723, 2.8812007603115504, 2.8312282642788356, 2.783006271150377, 2.7455066646999784, 2.706257178200616, 2.6719506566789417, 2.6425582830641003, 2.6117484554714627, 2.590095494800144, 2.5707122607760957, 2.545461938646105, 2.524332539876302], "val_categorical_accuracy": [0.10405555554893282, 0.21600000001324549, 0.25111111108462014, 0.2942222222752041, 0.31477777772479587, 0.3342777777247959, 0.34883333330684235, 0.35338888886239794, 0.37205555550257363, 0.375999999973509, 0.386388888835907, 0.39033333338631526, 0.3968333332803514, 0.3955000000529819, 0.40588888891537983, 0.4129444444709354, 0.4149444444709354, 0.415611111164093, 0.4188888889418708, 0.4220555555820465], "loss": [4.844574929979112, 4.132209022945828, 3.729316144519382, 3.4663890342712405, 3.2806645910474987, 3.139972028520372, 3.0299037081400555, 2.9396887009938557, 2.8658970635732013, 2.802649681303236, 2.7471578818427194, 2.69977464167277, 2.6579136789109974, 2.619170711941189, 2.5847137485080296, 2.553883216434055, 2.5257483338250055, 2.497949965794881, 2.4748670745425754, 2.45299314350552], "categorical_accuracy": [0.06741666666666667, 0.18969444444444444, 0.2564444444444444, 0.2954583333333333, 0.32083333333333336, 0.3400972222222222, 0.35705555555555557, 0.3693611111111111, 0.38016666666666665, 0.3891527777777778, 0.39752777777777776, 0.4035972222222222, 0.4095, 0.4159583333333333, 0.41938888888888887, 0.4249583333333333, 0.43006944444444445, 0.4343611111111111, 0.4398611111111111, 0.4412638888888889]}