{"val_loss": [4.441431339687771, 3.9345967326694065, 3.6203119443257648, 3.4223428111606173, 3.2633972078959146, 3.144359775331285, 3.05610022799174, 2.9806775232950846, 2.9073278908199733, 2.852725165049235, 2.8084512384202744, 2.768922115325928, 2.7278876779344348, 2.6957819209628635, 2.6681116591559517, 2.6380661188761394, 2.6132382151285807, 2.5942629812028675, 2.561907018025716, 2.5478206106821695], "val_categorical_accuracy": [0.12316666666997804, 0.2128333333598243, 0.2613888888623979, 0.28666666665342116, 0.31172222224871315, 0.32922222222222225, 0.33699999994701807, 0.3502222221692403, 0.36577777772479586, 0.37266666661368475, 0.3781111110581292, 0.37833333338631525, 0.38900000002649093, 0.39355555560853744, 0.3957777777777778, 0.40388888883590696, 0.40588888883590696, 0.40594444439146254, 0.41705555555555557, 0.41633333338631523], "loss": [4.8457706663343645, 4.143703549702963, 3.7460347853766547, 3.4870972321828204, 3.3032493256462945, 3.1662594952053493, 3.0577775192260743, 2.9684536067114937, 2.894757656733195, 2.8331135190327963, 2.778716917037964, 2.732404064602322, 2.689019060346815, 2.6521532584296335, 2.618020156224569, 2.587450480143229, 2.5594951180352106, 2.5321752904256183, 2.5095396656460234, 2.4872621387905545], "categorical_accuracy": [0.06715277777777778, 0.18731944444444446, 0.25116666666666665, 0.2923611111111111, 0.3172638888888889, 0.33568055555555554, 0.3516111111111111, 0.36519444444444443, 0.37444444444444447, 0.3831527777777778, 0.39219444444444446, 0.39884722222222224, 0.40308333333333335, 0.4109583333333333, 0.4144027777777778, 0.41918055555555556, 0.4245, 0.4277361111111111, 0.43254166666666666, 0.4365]}